<?xml version="1.0" encoding="UTF-8"?>
<root>
  <item name="com.taobao.weex.analyzer.core.DevOptionsConfig int getLogViewSize()">
    <annotation name="android.support.annotation.IntDef">
      <val name="value" val="{com.taobao.weex.analyzer.view.overlay.IResizableView.Size.SMALL, com.taobao.weex.analyzer.view.overlay.IResizableView.Size.MEDIUM, com.taobao.weex.analyzer.view.overlay.IResizableView.Size.LARGE}" />
    </annotation>
  </item>
  <item name="com.taobao.weex.analyzer.core.DevOptionsConfig int getNetworkInspectorViewSize()">
    <annotation name="android.support.annotation.IntDef">
      <val name="value" val="{com.taobao.weex.analyzer.view.overlay.IResizableView.Size.SMALL, com.taobao.weex.analyzer.view.overlay.IResizableView.Size.MEDIUM, com.taobao.weex.analyzer.view.overlay.IResizableView.Size.LARGE}" />
    </annotation>
  </item>
  <item name="com.taobao.weex.analyzer.core.DevOptionsConfig void setLogViewSize(int) 0">
    <annotation name="android.support.annotation.IntDef">
      <val name="value" val="{com.taobao.weex.analyzer.view.overlay.IResizableView.Size.SMALL, com.taobao.weex.analyzer.view.overlay.IResizableView.Size.MEDIUM, com.taobao.weex.analyzer.view.overlay.IResizableView.Size.LARGE}" />
    </annotation>
  </item>
  <item name="com.taobao.weex.analyzer.core.DevOptionsConfig void setNetworkInspectorViewSize(int) 0">
    <annotation name="android.support.annotation.IntDef">
      <val name="value" val="{com.taobao.weex.analyzer.view.overlay.IResizableView.Size.SMALL, com.taobao.weex.analyzer.view.overlay.IResizableView.Size.MEDIUM, com.taobao.weex.analyzer.view.overlay.IResizableView.Size.LARGE}" />
    </annotation>
  </item>
</root>

